﻿lot_id,received_smiles,stoichiometry,purity,alt_name
CACHE_1183_1,CC1=NOC=2N=C(C=C(C(=O)NC=3C=CC=C(CN4N=C5C=CC=CN5C4=O)C3)C12)C=6C=CC(C)=CC6,0,90,
CACHE_1183_10,NC(=O)C=1C=C(NC(=O)C=2C=C(N=C3C=CC=CC23)C=4C=CC=CC4)C=C(C1)C(=O)N,0,90,
CACHE_1183_11,CC=1C=CC(=C(F)C1)N2N=C(C(=O)NC=3C=CC=CC3N4N=CC=5C(=O)NC=NC45)C=6CCCC62,0,90,
CACHE_1183_12,CC1=CC=C(O1)C=2C=C(C(=O)NC=3C=CC=C(C3)C(=O)NCCC(=O)N)C=4C=CC=CC4N2,0,90,
CACHE_1183_13,C[C@H](NC(=O)C1=CC(CC=2C=CC=CC2)=NN1)C(=O)NCCC=3C=CC=CC3,0,90,
CACHE_1183_14,O=C(NC=1C=CC=C(C1)C2=NN=CN2)C=3C=C(N=C4C=CC=CC34)C=5C=CC=CC5,0,90,
CACHE_1183_15,CC=1C=CC(=CC1NC(=O)C=2C=CC(=O)N(C2)C=3C=CC=C(Cl)C3)C4=NN=CO4,0,90,
CACHE_1183_16,COC=1C=CC=2N=C(NC(=O)NCC=3C=C(ON3)C=4C=CC=5C=CC=CC5C4)SC2N1,0,90,
CACHE_1183_17,CC=1C=C(C=CC1F)C2=NOC(CNC3(CC=4C=CC(F)=CC4)CCOCC3)=N2,0,90,
CACHE_1183_18,NS(=O)(=O)C1=CC=C(CNC(=O)C=2C=CC3=NOC(C=4C=CC(F)=CC4)=C3C2)S1,0,90,
CACHE_1183_19,FC=1C=CC(=CC1)C(=O)NC=2C=CC=C3N(CCCC23)S(=O)(=O)C=4C=CC=5NC(=O)NC(=O)C5C4,0,90,
CACHE_1183_2,CN(CC(=O)N)C(=O)C=1C=CC=C(NC(=O)C=2C=C(N=C3C=CC(C)=CC23)C4=CC=CS4)C1,0,90,
CACHE_1183_20,CC=1N=C(NCC=2C=CC=C(OCC(=O)N)C2)C=3C=NN(C=4C=CC=C(F)C4)C3N1,0,90,
CACHE_1183_21,CC=1C=CC(=CC1)C2=CN=C(CCC(=O)NC=3C=C(NN3)C4CCCCC4)O2,0,90,
CACHE_1183_22,OC[C@@H](NC(=O)C1=CC=C(CN2C=C(N=N2)C=3C=CC=4C=NC=CC4C3)O1)C=5C=CC=CC5,0,90,
CACHE_1183_23,O=C(NC=1C=CC(=CC1)S(=O)(=O)NC2CC2)C=3C=C(N=C4C=CC=CC34)C=5C=CC=CC5,0,90,
CACHE_1183_24,FC1(F)CC(C1)NC(=O)C2=NSC=3C=C(NC4=NNC=5C=CC=NC45)C=CC23,0,90,
CACHE_1183_25,O=C(NC=1C=CC=C2NC=NC12)C=3C=C(N=C4N(CC=5C=CC=NC5)N=CC34)C=6C=CC=CC6,0,90,
CACHE_1183_26,CC(=O)N1CCC=2C=C(NC(=O)C=3C=C(N=C4C=CC=CC34)C5=CC=C(C)O5)C=CC12,0,90,
CACHE_1183_27,O=C(N1CCCC2=NNC=C12)C=3C=CC(CNS(=O)(=O)C=4C=CC=5C=CC=CC5C4)=CC3,0,90,
CACHE_1183_28,NC(=O)NC=1C=CC=C(CNC(=O)C=2C=CC3=NN=C(C=4C=CC=CC4)N3C2)C1,0,90,
CACHE_1183_29,CC1=C(C=NN1C=2C=CC(=O)NN2)C(=O)NC=3C=CC=C(NC(=O)C=4C=CC=C(C4)C(F)(F)F)C3,0,90,
CACHE_1183_3,CCCCN1C(=O)NC(=O)C=2C=C(C=NC12)C(=O)NC=3C=CC=4NC(CC=5C=CC(F)=CC5)=NC4C3,0,90,
CACHE_1183_30,NC(=O)C=1C=CC=C(OC=2C=CC(NC(=O)C=3C=CC=C(NC(=O)C4=CC(=O)NC=5C=CC=CC45)C3)=CC2)C1,0,90,
CACHE_1183_31,CC(C)(N)C=1C=C(NN1)C(=O)NCC=2C=CC(=CC2)C=3C=CC=4OCCC4C3,0,90,
CACHE_1183_32,CC1=CC(NC(=O)NCC=2C=CC(=CC2)C3=CC=NN3)=NN1C=4C=CC=C(F)C4,0,90,
CACHE_1183_33,O=C(NCC=1C=CC(=CC1)C2=CC=NN2)NC=3C=NN(CC=4C=CC=CN4)C3,0,90,
CACHE_1183_34,O=C(NCC=1C=CC=2CN(CC2C1)C(=O)C=3NN=C4CCCCC34)C=5NN=C6CCCCC56,0,90,
CACHE_1183_35,O=C(NC=1C=CC=C(C1)C(=O)NC=2C=CC=CN2)C=3C=CC(NC4=NS(=O)(=O)C=5C=CC=CC45)=CC3,0,90,
CACHE_1183_36,OCC1=CN(CC=2C=CC(=CC2)C(=O)N3CC=C(C3)C=4C=CC=CC4F)N=N1,0,90,
CACHE_1183_37,NC(=O)NC=1C=C(NC(=O)C=2C=CC(=CC2)S(=O)(=O)NC=3C=CC=C(C3)C(F)(F)F)C=CC1F,0,90,
CACHE_1183_4,CC1=NN=NN1C=2C=C(NC(=O)C=3C=C(N=C4C=CC=CC34)C=5C=CC=CC5)C=CC2F,0,90,
CACHE_1183_5,COC=1C=CC(NC(=O)C2=CN=C(S2)C=3C=NC=CN3)=CC1OCC=4C=CC=5C=CC=CC5N4,0,90,
CACHE_1183_6,CCNC(=O)NCC=1C=CC(NC(=O)C=2C=C(N=C3C=CC=CC23)C=4C=CC=CC4)=CC1,0,90,
CACHE_1183_7,O=C1NC(=O)C=2C=C(C=NC2N1C3CC3)C4=NC(=NO4)C=5C=CC(CN6C=NC=7C=CC=CC67)=CC5,0,90,
CACHE_1183_8,CC1=NOC=2N=C(C=C(C(=O)NC=3C=CC=4CC(=O)NC4C3)C12)C=5C=CC=C(C5)C(F)(F)F,0,90,
CACHE_1183_9,CC=1C=CC(=CC1C)C2=NN(CCC#N)C=C2C(=O)NC=3C=CC(F)=C(C3)C(=O)N,0,90,
