﻿lot_id,received_smiles,stoichiometry,purity,alt_name
CACHE_1183_1,Cc1ccc(cc1)c1cc(C(Nc2cccc(CN3C(N4C=CC=CC4=N3)=O)c2)=O)c2c(C)noc2n1,0,90,
CACHE_1183_10,c1ccc(cc1)c1cc(C(Nc2cc(cc(c2)C(N)=O)C(N)=O)=O)c2ccccc2n1,0,90,
CACHE_1183_11,Cc1ccc(c(c1)F)n1c2CCCc2c(C(Nc2ccccc2n2c3c(cn2)C(NC=N3)=O)=O)n1,0,90,
CACHE_1183_12,Cc1ccc(c2cc(C(Nc3cccc(c3)C(NCCC(N)=O)=O)=O)c3ccccc3n2)o1,0,90,
CACHE_1183_13,C[C@@H](C(NCCc1ccccc1)=O)NC(c1cc(Cc2ccccc2)n[nH]1)=O,0,90,
CACHE_1183_14,c1ccc(cc1)c1cc(C(Nc2cccc(c2)c2nnc[nH]2)=O)c2ccccc2n1,0,90,
CACHE_1183_15,Cc1ccc(cc1NC(C1C=CC(N(C=1)c1cccc(c1)[Cl])=O)=O)c1nnco1,0,90,
CACHE_1183_16,COc1ccc2c(n1)sc(NC(NCc1cc(c3ccc4ccccc4c3)on1)=O)n2,0,90,
CACHE_1183_17,Cc1cc(ccc1F)c1nc(CNC2(CCOCC2)Cc2ccc(cc2)F)on1,0,90,
CACHE_1183_18,C(c1ccc(s1)S(N)(=O)=O)NC(c1ccc2c(c1)c(c1ccc(cc1)F)on2)=O,0,90,
CACHE_1183_19,C1Cc2c(cccc2N(C1)S(c1ccc2c(c1)C(NC(N2)=O)=O)(=O)=O)NC(c1ccc(cc1)F)=O,0,90,
CACHE_1183_2,Cc1ccc2c(c1)c(cc(c1cccs1)n2)C(Nc1cccc(c1)C(N(C)CC(N)=O)=O)=O,0,90,
CACHE_1183_20,Cc1nc(c2cnn(c3cccc(c3)F)c2n1)NCc1cccc(c1)OCC(N)=O,0,90,
CACHE_1183_21,Cc1ccc(cc1)c1cnc(CCC(Nc2cc(C3CCCCC3)[nH]n2)=O)o1,0,90,
CACHE_1183_22,C(c1ccc(C(N[C@H](CO)c2ccccc2)=O)o1)n1cc(c2ccc3cnccc3c2)nn1,0,90,
CACHE_1183_23,C1CC1NS(c1ccc(cc1)NC(c1cc(c2ccccc2)nc2ccccc12)=O)(=O)=O,0,90,
CACHE_1183_24,C1C(CC1(F)F)NC(c1c2ccc(cc2sn1)Nc1c2c(cccn2)[nH]n1)=O,0,90,
CACHE_1183_25,C(c1cccnc1)n1c2c(cn1)c(cc(c1ccccc1)n2)C(Nc1cccc2c1nc[nH]2)=O,0,90,
CACHE_1183_26,CC(N1CCc2cc(ccc12)NC(c1cc(c2ccc(C)o2)nc2ccccc12)=O)=O,0,90,
CACHE_1183_27,C1Cc2c(c[nH]n2)N(C1)C(c1ccc(CNS(c2ccc3ccccc3c2)(=O)=O)cc1)=O,0,90,
CACHE_1183_28,C(c1cccc(c1)NC(N)=O)NC(c1ccc2nnc(c3ccccc3)n2c1)=O,0,90,
CACHE_1183_29,Cc1c(cnn1C1C=CC(NN=1)=O)C(Nc1cccc(c1)NC(c1cccc(c1)C(F)(F)F)=O)=O,0,90,
CACHE_1183_3,CCCCN1C(NC(c2cc(cnc12)C(Nc1ccc2c(c1)nc(Cc1ccc(cc1)F)[nH]2)=O)=O)=O,0,90,
CACHE_1183_30,C1=C(C(Nc2cccc(c2)C(Nc2ccc(cc2)Oc2cccc(c2)C(N)=O)=O)=O)c2ccccc2NC1=O,0,90,
CACHE_1183_31,CC(C)(c1cc(C(NCc2ccc(cc2)c2ccc3c(CCO3)c2)=O)[nH]n1)N,0,90,
CACHE_1183_32,Cc1cc(NC(NCc2ccc(cc2)c2ccn[nH]2)=O)nn1c1cccc(c1)F,0,90,
CACHE_1183_33,C(c1ccc(cc1)c1ccn[nH]1)NC(Nc1cnn(Cc2ccccn2)c1)=O,0,90,
CACHE_1183_34,C1CCc2c(C1)c(C(NCc1ccc3CN(Cc3c1)C(c1c3CCCCc3n[nH]1)=O)=O)[nH]n2,0,90,
CACHE_1183_35,c1ccc2c(c1)C(Nc1ccc(cc1)C(Nc1cccc(c1)C(Nc1ccccn1)=O)=O)=NS2(=O)=O,0,90,
CACHE_1183_36,C1C=C(CN1C(c1ccc(Cn2cc(CO)nn2)cc1)=O)c1ccccc1F,0,90,
CACHE_1183_37,c1cc(cc(c1)NS(c1ccc(cc1)C(Nc1ccc(c(c1)NC(N)=O)F)=O)(=O)=O)C(F)(F)F,0,90,
CACHE_1183_4,Cc1nnnn1c1cc(ccc1F)NC(c1cc(c2ccccc2)nc2ccccc12)=O,0,90,
CACHE_1183_5,COc1ccc(cc1OCc1ccc2ccccc2n1)NC(c1cnc(c2cnccn2)s1)=O,0,90,
CACHE_1183_6,CCNC(NCc1ccc(cc1)NC(c1cc(c2ccccc2)nc2ccccc12)=O)=O,0,90,
CACHE_1183_7,C1CC1N1C(NC(c2cc(cnc12)c1nc(c2ccc(Cn3cnc4ccccc34)cc2)no1)=O)=O,0,90,
CACHE_1183_8,Cc1c2c(cc(c3cccc(c3)C(F)(F)F)nc2on1)C(Nc1ccc2CC(Nc2c1)=O)=O,0,90,
CACHE_1183_9,Cc1ccc(cc1C)c1c(cn(CCC#N)n1)C(Nc1ccc(c(c1)C(N)=O)F)=O,0,90,
CACHE-HO_1183_1,CNC(CNC(c1cccc(c1)NC(c1cn(Cc2ccccc2)c2ccccc12)=O)=O)=O,0,90,
CACHE-HO_1183_10,Cc1cc(NC(c2cc(c3ccccc3)nc3c2cnn3Cc2cccnc2)=O)n[nH]1,0,90,
CACHE-HO_1183_11,C(c1ccccc1NC(c1cc(c2ccccc2)nc2c1cnn2Cc1cccnc1)=O)n1cncn1,0,90,
CACHE-HO_1183_12,C(c1cccnc1)n1c2c(cn1)c(cc(c1ccccc1)n2)C(Nc1cn[nH]c1)=O,0,90,
CACHE-HO_1183_13,C1COCCN1c1ccccc1NC(c1cc(c2ccccc2)nc2c1cnn2Cc1cccnc1)=O,0,90,
CACHE-HO_1183_14,Cc1nc(c2ccccc2NC(c2cc(c3ccccc3)nc3c2cnn3Cc2cccnc2)=O)[nH]n1,0,90,
CACHE-HO_1183_16,C(c1cccnc1)n1c2c(cn1)c(cc(c1ccccc1)n2)C(Nc1nncs1)=O,0,90,
CACHE-HO_1183_17,C(c1cccnc1)n1c2c(cn1)c(cc(c1ccccc1)n2)C(Nc1nnc(c2ccco2)s1)=O,0,90,
CACHE-HO_1183_18,Cc1c(cccc1S(N)(=O)=O)NC(c1cc(c2ccccc2)nc2c1cnn2Cc1cccnc1)=O,0,90,
CACHE-HO_1183_19,C1COCCN1c1c(cccn1)NC(c1cc(c2ccccc2)nc2c1cnn2Cc1cccnc1)=O,0,90,
CACHE-HO_1183_2,Cc1ccc2c(c1)c(cc(C1CC1)n2)C(Nc1cccc(c1)C(N(C)CC(N)=O)=O)=O,0,90,
CACHE-HO_1183_20,C(c1cccc(c1)F)n1c2c(cn1)c(cc(c1ccccc1)n2)C(Nc1cccnc1C(N)=O)=O,0,90,
CACHE-HO_1183_21,Cc1cc(NC(c2cc(c3ccccc3)nc3c2cnn3Cc2cccnc2)=O)no1,0,90,
CACHE-HO_1183_22,Cc1c2c(cc(c3ccc(cc3)OC)nc2n(c2ccccc2)n1)C(Nc1ncc(C(N)=O)s1)=O,0,90,
CACHE-HO_1183_23,C1COC(N1c1cccc(c1)NC(c1cc(c2ccccc2)nc2c1cnn2Cc1cccnc1)=O)=O,0,90,
CACHE-HO_1183_24,C(c1cccnc1)n1c2c(cn1)c(cc(c1ccccc1)n2)C(Nc1nnc(c2ccccc2)o1)=O,0,90,
CACHE-HO_1183_25,C(c1cccnc1)n1c2c(cn1)c(cc(c1ccccc1)n2)C(Nc1cccc(c1)n1cnnn1)=O,0,90,
CACHE-HO_1183_26,C1CC1NC(c1ccccc1NC(c1cc(c2ccccc2)nc2c1cnn2Cc1cccnc1)=O)=O,0,90,
CACHE-HO_1183_27,COC(c1c(ccs1)NC(c1cc(c2ccccc2)nc2c1cnn2Cc1cccnc1)=O)=O,0,90,
CACHE-HO_1183_28,C(c1cccnc1)n1c2c(cn1)c(cc(c1ccccc1)n2)C(Nc1ccc2nncn2c1)=O,0,90,
CACHE-HO_1183_29,CS(c1ccccc1NC(c1cc(c2ccccc2)nc2c1cnn2Cc1cccnc1)=O)(=O)=O,0,90,
CACHE-HO_1183_3,Cc1c(ccc(c2cccs2)n1)C(Nc1cccc(c1)C(N(C)CC(N)=O)=O)=O,0,90,
CACHE-HO_1183_30,Cn1cnc(NC(c2cc(c3ccccc3)nc3c2cnn3Cc2cccnc2)=O)n1,0,90,
CACHE-HO_1183_31,C(c1cccc(c1)F)n1c2c(cn1)c(cc(c1ccccc1)n2)C(NN1C=NNC1=O)=O,0,90,
CACHE-HO_1183_32,C=CCNC(c1ccccc1NC(c1cc(c2ccccc2)nc2c1cnn2Cc1cccnc1)=O)=O,0,90,
CACHE-HO_1183_33,C(c1cccnc1)n1c2c(cn1)c(cc(c1ccccc1)n2)C(Nc1cccc(c1)C(O)=O)=O,0,90,
CACHE-HO_1183_34,C(c1cccc(c1)F)n1c2c(cn1)c(cc(c1ccccc1)n2)C(Nc1cccnc1n1cncn1)=O,0,90,
CACHE-HO_1183_35,C(c1cccnc1)n1c2c(cn1)c(cc(c1ccccc1)n2)C(Nc1cccnc1n1cncn1)=O,0,90,
CACHE-HO_1183_36,CS(Nc1ccccc1NC(c1cc(c2ccccc2)nc2c1cnn2Cc1cccnc1)=O)(=O)=O,0,90,
CACHE-HO_1183_37,C(c1cccnc1)n1c2c(cn1)c(cc(c1ccccc1)n2)C(Nc1cccc(c1)c1nnco1)=O,0,90,
CACHE-HO_1183_38,C(c1cccnc1)n1c2c(cn1)c(cc(c1ccccc1)n2)C(Nc1cccc2c1OCO2)=O,0,90,
CACHE-HO_1183_39,C(c1cccc(c1)F)n1c2c(cn1)c(cc(c1ccccc1)n2)C(Nc1ccncc1C#N)=O,0,90,
CACHE-HO_1183_4,Cc1ccc(c2cc(C(Nc3cccc(c3)C(N(C)CC(N)=O)=O)=O)c3ccccc3n2)o1,0,90,
CACHE-HO_1183_40,C1CC1c1cc(C(Nc2cccc3c2nc[nH]3)=O)c2cnn(Cc3cccnc3)c2n1,0,90,
CACHE-HO_1183_41,COc1c(ccnn1)NC(c1cc(c2ccccc2)nc2c1cnn2Cc1cccnc1)=O,0,90,
CACHE-HO_1183_42,Cc1ccc(c(n1)O)NC(c1cc(c2ccccc2)nc2c1cnn2Cc1cccnc1)=O,0,90,
CACHE-HO_1183_43,C(c1cnc(nc1O)O)NC(c1cc(c2ccccc2)nc2c1cnn2Cc1ccco1)=O,0,90,
CACHE-HO_1183_44,C(c1cccnc1)n1c2c(cn1)c(cc(c1ccccc1)n2)C(Nc1ccc(C#N)c(c1)F)=O,0,90,
CACHE-HO_1183_45,C(c1cccnc1)n1c2c(cn1)c(cc(c1cccnc1)n2)C(Nc1ccccc1C(N)=O)=O,0,90,
CACHE-HO_1183_46,C(c1c[nH]cn1)NC(c1cc(c2ccccc2)nc2c1cnn2Cc1cccnc1)=O,0,90,
CACHE-HO_1183_47,Cc1c(CNC(c2cc(c3ccccc3)nc3c2cnn3Cc2cccnc2)=O)nc[nH]1,0,90,
CACHE-HO_1183_48,Cc1conc1NC(c1cc(c2ccccc2)nc2c1cnn2Cc1cccnc1)=O,0,90,
CACHE-HO_1183_5,Cc1cnc(NC(c2cc(c3ccccc3)nc3c2cnn3Cc2cccnc2)=O)s1,0,90,
CACHE-HO_1183_6,C(c1cccnc1)n1c2c(cn1)c(cc(c1ccccc1)n2)C(Nc1ccc(C#N)nc1)=O,0,90,
CACHE-HO_1183_7,C(c1cccnc1)n1c2c(cn1)c(cc(c1ccccc1)n2)C(Nc1nnc(c2ccccn2)s1)=O,0,90,
CACHE-HO_1183_8,C(c1cccnc1)n1c2c(cn1)c(cc(c1ccccc1)n2)C(Nc1cccc(CS(N)(=O)=O)c1)=O,0,90,
CACHE-HO_1183_9,C1CN(C(N1)=O)c1cccc(c1)NC(c1cc(c2ccccc2)nc2c1cnn2Cc1cccnc1)=O,0,90,
