﻿lot_id,received_smiles,stoichiometry,purity,alt_name
MolPort-002-264-209,N=C(Nc1ccc2OCCOc2c1)Nc1nc(=O)c2CCCc2[nH]1,0,90,
MolPort-004-846-725,Cc1cc(O)c2cc(ccc2n1)C(=O)Nc1nc2ccc(F)cc2s1,0,90,
MolPort-028-581-095,Cc1cc(=O)[nH]c(CCNC(=O)c2ccc(cc2)N2CC(=O)NC2=O)n1,0,90,
MolPort-009-709-661,Cc1nc(SCc2nc(no2)c2cccc(c2)C(F)(F)F)[nH]c(=O)c1C,0,90,
MolPort-009-709-653,CCCc1cc(=O)[nH]c(SCc2nc(no2)c2cccc(c2)C(F)(F)F)n1,0,90,
MolPort-005-286-348,CCc1c(C)nc(SCc2nc(no2)c2ccccc2)[nH]c1=O,0,90,
MolPort-047-787-263,Cc1cc(=O)[nH]c(n1)c1ccc(cc1)c1cncc(O)c1,0,90,
MolPort-007-655-625,Cc1cc(=O)[nH]c(SCc2cc(=O)n3nc(sc3n2)c2ccccc2)n1,0,90,
MolPort-047-525-656,COc1ccc(cc1Oc1ccc(CN)cc1F)C(=O)NCc1cc(O)ncn1,0,90,
MolPort-008-039-265,CC(C)(C)c1ccc(NC(=O)CSc2nc3CCCc3c(=O)[nH]2)cc1,0,90,
MolPort-004-919-115,O=C(CSc1nc2CCCc2c(=O)[nH]1)Nc1ccc(Oc2ccccc2)cc1,0,90,
MolPort-004-919-125,Oc1cccc(NC(=O)CSc2nc3CCCc3c(=O)[nH]2)c1,0,90,
MolPort-035-374-284,Clc1ccc2[nH]c(CC(=O)N3CCc4[nH]c(nc4C3)c3cn[nH]c3)nc2c1,0,90,
MolPort-047-964-754,O[C@@H]1C[C@H](C[C@H]1NC(=O)c1ncc[nH]1)C(=O)NC1Cc2ccccc2C1,0,90,
MolPort-047-526-804,C[C@H](N)c1nc(nn1CC(=O)NCc1cc(O)ncn1)c1ccccc1,0,90,
MolPort-047-525-797,COCCn1cncc1CNC(=O)Cn1nc(nc1[C@H](C)N)c1ccccc1,0,90,
MolPort-005-133-456,O=c1[nH]c(nc2CCCc12)c1ccc(CN2CCc3[nH]ncc3C2)cc1,0,90,
MolPort-005-016-318,O=c1[nH]c(nc2CCCc12)c1cccc(CN2CCN(Cc3cccnc3)CC2)c1,0,90,
MolPort-008-371-682,O=C(N1CCCN(Cc2ccccc2c2nc3CCCc3c(=O)[nH]2)CC1)c1ccco1,0,90,
MolPort-006-387-916,Cc1ccc(NC(=O)CSc2nc(O)c3ccccc3n2)cc1F,0,90,
MolPort-006-387-919,Oc1nc(SCC(=O)Nc2ccc(F)cc2F)nc2ccccc12,0,90,
MolPort-047-730-003,N[C@@H]1C[C@@H](C[C@H]1O)C(=O)NCCc1cccc(c1)C(F)(F)F,0,90,
MolPort-000-511-202,O=C(Nc1nc(=O)c2ccccc2[nH]1)c1ccccc1SCc1ccccc1,0,90,
MolPort-039-041-914,Cn1c(CO)nnc1C1CCCN(Cc2nc(no2)c2ccncc2)C1,0,90,
MolPort-039-220-164,Cc1nc(sc1C)c1cccc(c1)C(=O)NCCc1nc(C)cc(=O)[nH]1,0,90,
MolPort-005-150-456,CN(Cc1nnc(o1)c1ccccc1)Cc1ccc(cc1)c1nc(C)cc(=O)[nH]1,0,90,
MolPort-019-888-089,Cc1ccc2[nH]c(CNc3nc(nc4CNCCc34)c3cccnc3)nc2c1,0,90,
MolPort-019-901-779,C(Nc1nc(nc2CNCCc12)c1ccccc1)c1ccc2OCOc2c1,0,90,
MolPort-005-292-439,O=C(Cc1csc(NC(=O)c2ccc[nH]c2=O)n1)N1CCc2ccccc12,0,90,
MolPort-005-292-431,O=C(Cc1csc(NC(=O)c2ccc[nH]c2=O)n1)NCc1ccc2OCOc2c1,0,90,
MolPort-020-194-576,COc1ccc(CN(C)Cc2nc3ccccc3c(=O)[nH]2)cc1Cn1cccn1,0,90,
MolPort-045-931-075,Cn1ccc2c(cccc12)c1n[nH]c(CC[C@@H]2NC(=O)NC2=O)n1,0,90,
MolPort-002-997-455,FC(F)(F)c1cc(=O)[nH]c(n1)N1CCN(Cc2ccc3OCOc3c2)CC1,0,90,
MolPort-004-954-592,CCOC(=O)c1ccc2nc(NC(=O)CSc3nnc(C)c(=O)[nH]3)sc2c1,0,90,
MolPort-005-918-663,NC(=O)c1ccc(Nc2ncnc3n(ncc23)c2ccc(F)cc2)cc1,0,90,
MolPort-003-083-718,Fc1ccc(cc1)n1ncc2c(Nc3cccc(c3)C(F)(F)F)ncnc12,0,90,
MolPort-003-083-861,COc1ccc(OC)c(Nc2ncnc3n(ncc23)c2ccc(C)c(Cl)c2)c1,0,90,
MolPort-003-805-790,CCc1nnc(NC(=O)CSc2nc(C)cc(O)n2)s1,0,90,
MolPort-028-723-201,Cc1nc(O)cc(CNC(=O)c2ccc3oc(nc3c2)c2cccc(F)c2)n1,0,90,
MolPort-016-611-910,CN1CCc2nc(C)nc(NCCc3nc4ccccc4c(=O)[nH]3)c2CC1,0,90,
MolPort-047-390-410,NC(=O)c1nc(Cn2ccnc2c2ccc3cccc(F)c3n2)no1,0,90,
MolPort-027-716-793,Oc1nnc(CCC(=O)Nc2ccc3ccn(Cc4ccc(Cl)cc4)c3c2)c(=O)[nH]1,0,90,
MolPort-028-591-637,Cc1cn2cc(nc2s1)c1nc2c(CCCNC2=O)[nH]1,0,90,
MolPort-019-894-420,Cc1ccc(cc1)c1nc(CNC(=O)CNC(=O)N)[nH]c1c1ccccn1,0,90,
MolPort-019-882-330,Oc1ccc(CC(=O)NCc2nc(c([nH]2)c2ccccn2)c2cccc(F)c2)cc1,0,90,
MolPort-047-494-521,Cc1ccc(cc1)c1nc(CNC(=O)CC2CNCCO2)[nH]c1c1ccccn1,0,90,
MolPort-038-425-031,OC1CC(C1)C(NC(=O)CN1CCCC1)c1cnc2ccccc2c1,0,90,
MolPort-038-399-185,OC1CC(C1)C(NC(=O)CN1C(=O)CNC1=O)c1cnc2ccccc2c1,0,90,
MolPort-028-581-342,Cc1nc(CNC(=O)c2cc(n[nH]2)c2ccc(O)cc2)n[nH]1,0,90,
MolPort-010-722-964,Cc1nnc(NC(=O)CCc2nc(CSc3nc4cc(C)ccc4[nH]3)no2)s1,0,90,
MolPort-010-689-059,Clc1ccc2[nH]c(SCc3noc(CCC(=O)Nc4nncs4)n3)nc2c1,0,90,
MolPort-002-125-262,CC(NC(=O)CSc1nc2ccccc2c(=O)[nH]1)c1ccccc1,0,90,
MolPort-020-200-554,OC1CCCN(CCCNc2nc(nc3CNCCc23)c2cccnc2)C1,0,90,
MolPort-038-397-186,CCn1c(CO)nnc1[C@@H]1C[C@@H](C1)NC(=O)c1nc([nH]c1C)c1ccccc1,0,90,
MolPort-016-603-169,Cc1cccc2nc(cn12)c1nc2c(CCCNC2=O)[nH]1,0,90,
MolPort-010-645-862,Cc1ccc(NCc2nc3[nH]c4CCCc4c(=O)n3n2)cc1Cl,0,90,
MolPort-010-645-845,FC(F)(F)c1cccc(NCc2nc3[nH]c4CCCc4c(=O)n3n2)c1,0,90,
MolPort-039-074-844,Cn1nc(cc1C(=O)NCc1nnc2c(O)nccn12)c1ccccc1,0,90,
MolPort-019-884-077,Cc1ccc(cc1)c1nc(CNC(=O)C2COC(=O)N2)[nH]c1c1ccccn1,0,90,
MolPort-039-021-768,O=C(Nc1cccc(-c2nnc3n2CCCC3)c1)c1nccc2ccccc12,0,90,
MolPort-039-021-773,Oc1ncccc1C(=O)Nc1cccc(c1)c1nnc2CCCCn12,0,90,
MolPort-035-754-618,FC(F)(F)c1cccc(NC(=O)COc2ccc(cc2)c2nnc3CCCCn23)c1,0,90,
MolPort-019-894-585,Cc1ccc(cc1)c1nc(CNC(=O)Cn2nnnc2N)[nH]c1c1ccccn1,0,90,
MolPort-019-883-868,Fc1cccc(c1)c1nc(CNC(=O)Cn2cncn2)[nH]c1c1ccccn1,0,90,
MolPort-001-936-709,Cc1cc(O)nc(SCC(=O)Nc2ccccc2Br)n1,0,90,
MolPort-001-505-920,Oc1cc(nc(SCC(=O)Nc2cccc(F)c2)n1)C(F)(F)F,0,90,
MolPort-000-467-527,Cc1ccc(cc1)c1csc(NC(=O)c2ccccc2C(=O)O)n1,0,90,
MolPort-000-158-659,OC(=O)c1ccccc1C(=O)Nc1nc(cs1)c1cccs1,0,90,
MolPort-045-948-636,Cc1nnc([nH]1)c1cccc(NC(=O)c2cccc3cc[nH]c23)c1,0,90,
MolPort-008-300-202,Clc1ccc(CN2CCN(CC(=O)Nc3cccc4nonc34)CC2)cc1,0,90,
MolPort-008-299-894,O=C(CN1CCN(Cc2ccc3OCOc3c2)CC1)Nc1cccc2nonc12,0,90,
MolPort-002-269-494,Cc1ccc2oc(nc2c1)c1cc(NC(=O)c2nc[nH]n2)ccc1O,0,90,
MolPort-002-011-626,O=C(Nc1ccc2oc(nc2c1)c1cccc2ccccc12)c1nc[nH]n1,0,90,
MolPort-046-572-225,Cc1cc(NCc2cc(on2)C2CC2)nc(n1)c1ccccc1O,0,90,
MolPort-019-902-461,Cc1nc[nH]c1C(=O)NCc1nc(c([nH]1)c1ccccn1)c1ccc(C)cc1,0,90,
MolPort-019-899-510,Oc1cnc(cn1)C(=O)NCc1nc(c([nH]1)c1ccccn1)c1cccc(F)c1,0,90,
MolPort-019-891-075,Nc1cc(n[nH]1)C(=O)NCc1nc(c([nH]1)c1ccccn1)c1cccc(F)c1,0,90,
MolPort-001-598-813,Fc1cccc(c1)c1nnc(SCC(=O)Nc2nncs2)o1,0,90,
MolPort-002-018-963,Oc1ccc(cc1)c1nnc(SCC(=O)Nc2nncs2)o1,0,90,
MolPort-009-741-977,O=C(Nc1cccc(c1)c1nc2ccccc2[nH]1)c1ccc2nsnc2c1,0,90,
MolPort-003-719-990,Fc1ccc(cc1F)C(=O)Nc1ccccc1c1nc2ccccc2[nH]1,0,90,
MolPort-002-205-939,Fc1ccccc1C(=O)Nc1cccc(c1)c1nc2ccccc2[nH]1,0,90,
MolPort-046-846-940,COc1cc(CNCCNC(=O)c2nonc2N)ccc1OCc1ccc(Cl)c(Cl)c1,0,90,
MolPort-000-863-386,Nc1nonc1C(=O)NCCNCc1ccc(OCc2ccc(Cl)cc2Cl)cc1,0,90,
MolPort-000-863-576,COc1cc(CNCCNC(=O)c2nonc2N)cc(Cl)c1OCc1ccc(F)cc1,0,90,
MolPort-010-723-144,Fc1cc(F)cc(NC(=O)CCc2nc(CSc3nnc([nH]3)c3ccccc3)no2)c1,0,90,
MolPort-010-723-317,Fc1ccc(NC(=O)CCc2nc(CSc3nnc([nH]3)c3cccnc3)no2)cc1,0,90,
MolPort-010-723-160,Fc1cccc(F)c1NC(=O)CCc1nc(CSc2nnc([nH]2)c2ccc(Cl)cc2)no1,0,90,
MolPort-020-216-609,NC(=O)c1ccc(cc1)c1nc2CNCCc2c(N[C@@H]2C[C@H]2c2ccccc2)n1,0,90,
MolPort-006-838-006,Nc1nonc1C(=O)NCCNCc1ccc(o1)c1ccc(Br)cc1,0,90,
MolPort-047-499-266,Cc1cccc(-c2nc(CNc3nc4c(c(=O)[nH]3)CCNC4)cs2)c1,0,90,
MolPort-002-275-026,Nc1nonc1C(=O)NCCNCc1ccc(o1)c1ccc(Br)cc1,0,90,
