﻿lot_id,received_smiles,stoichiometry,purity,alt_name
MolPort-047-514-393,OC(=O)c1cn(nn1)[C@@H]1CN[C@@H](C1)C(=O)Nc1cccc(c1)c1cnc[nH]1,0,90,
MolPort-005-413-661,CC(=O)Nc1cccc(NC(=O)CSc2nc(CC(=O)O)cs2)c1,0,90,
MolPort-023-271-517,CNC(=O)c1cc(ccc1OC)n1ccnc1c1ccc(O)c(c1)C(=O)O,0,90,
MolPort-002-309-483,Cc1ccc(cc1)c1csc(NC(=O)CCC(=O)O)c1C(=O)NC1CC1,0,90,
MolPort-008-295-858,OC(=O)CCC(=O)Nc1scc(c1C(=O)NCc1ccco1)c1ccccc1,0,90,
MolPort-008-295-773,OC(=O)C1CC=CCC1C(=O)Nc1scc(c1C(=O)NC1CC1)c1ccccc1,0,90,
MolPort-046-518-328,OC(=O)c1ccc(CNC(=O)CN2CCCCC2CCc2cccs2)o1,0,90,
MolPort-005-110-060,CC(N(C)Cc1cccc(c1)c1nc(cc(=O)[nH]1)c1cccnc1)c1ccco1,0,90,
MolPort-044-720-157,COc1ccc2nc(CNC(=O)[C@@H](N)Cc3c[nH]cn3)[nH]c2c1,0,90,
MolPort-047-795-912,O[C@@H]1C[C@H](C[C@H]1NC(=O)c1cc2ccccc2s1)C(=O)NCc1nc[nH]n1,0,90,
MolPort-047-790-875,OC(=O)c1cc2C(=O)N(Cc3nc(c([nH]3)c3ccccn3)c3cccc(F)c3)CCn2n1,0,90,
MolPort-010-679-180,CCc1ccc(cc1S(=O)(=O)Nc1ccc(cc1)C(=O)O)c1ccc(=O)[nH]n1,0,90,
MolPort-019-940-766,COc1ccc(c(F)c1)c1ccc(=O)n(CC(=O)NCC2CCC(CC2)C(=O)O)n1,0,90,
MolPort-009-761-751,OC(=O)CNC(=O)Cn1nc(ccc1=O)c1cccc2ccccc12,0,90,
MolPort-009-652-636,OC(=O)CCNC(=O)Cn1nc(ccc1=O)c1ccc2ccccc2c1,0,90,
MolPort-002-255-600,Cn1c(COc2ccccc2Cl)nnc1SCC(=O)Nc1cccc(c1)C(=O)O,0,90,
MolPort-038-412-437,NC1CC(C1)c1cc(nc(N)n1)N1CCC(CC1)C(=O)NCc1ccccn1,0,90,
MolPort-047-499-266,Cc1cccc(c1)c1nc(CNc2nc3CNCCc3c(=O)[nH]2)cs1,0,90,
MolPort-019-895-674,Cc1nc2ccccc2n1Cc1cc(no1)C(=O)NC1(CCCC1)C(=O)N,0,90,
MolPort-045-969-911,O=C(NCc1cccnc1)c1cc(Cn2cnc3ccccc23)on1,0,90,
MolPort-019-898-376,CC(Cc1ccncc1)NC(=O)c1cc(Cn2c(C)nc3ccccc23)on1,0,90,
MolPort-005-286-349,Clc1cccc(CNC(=O)CCC2=Nc3ccccc3S(=O)(=O)N2)c1,0,90,
MolPort-020-207-421,Nc1cc(c2ccc(OCCn3ccnc3)cc2)c2cc[nH]c2n1,0,90,
MolPort-007-573-009,OC(=O)Cc1sc(Nc2ccc(F)c(F)c2F)nc1c1ccccc1,0,90,
MolPort-045-954-846,Cc1nn(c(C)c1CNC(=O)Cc1cc(=O)[nH][nH]c1=O)c1ccc(F)cc1,0,90,
MolPort-019-896-332,Nc1ccnc(NCc2nc(c([nH]2)c2ccccn2)c2cccc(F)c2)n1,0,90,
MolPort-019-880-733,Nc1cc(NCc2nc(c([nH]2)c2ccccn2)c2cccc(F)c2)ncn1,0,90,
MolPort-019-884-547,Fc1cccc(c1)c1nc(CNc2ncccc2F)[nH]c1c1ccccn1,0,90,
MolPort-047-383-663,CC(C)C(NC(=O)CNc1cccnc1)c1nc2cc(C)ccc2[nH]1,0,90,
MolPort-020-193-244,Nc1nc(cc(c2cccc(O)c2)c1C#N)c1ccc(OCC(=O)O)cc1,0,90,
MolPort-002-239-561,OC(=O)c1cc(Nc2nc(cs2)c2ccc(O)cc2O)ccc1O,0,90,
MolPort-020-222-073,OC(=O)c1cccc(c1)c1cc(NCc2ccccn2)nc2[nH]ccc12,0,90,
MolPort-020-203-572,NC(=O)c1ccnc(c1)c1cc(NCc2ccccn2)nc2[nH]ccc12,0,90,
MolPort-020-206-928,NC(=O)c1ccc(cc1)c1cc(NCc2ccccn2)nc2[nH]ccc12,0,90,
MolPort-028-851-807,COc1ccccc1c1nc(NC(=O)Cc2n[nH]c(=O)c3ccccc23)n[nH]1,0,90,
MolPort-030-063-402,O=C(NCCc1nc2ccccc2[nH]1)c1cccc(n1)n1cnnc1,0,90,
MolPort-023-259-120,Cc1cc(C)c2nc(C)cc(C(=O)NCC(O)c3cccc(O)c3)c2c1,0,90,
MolPort-039-108-613,Oc1cccc(CN2CCCC(C2)NC(=O)Nc2ccc3[nH]nnc3c2)c1,0,90,
MolPort-042-562-472,Cc1noc(C)c1CN1CCc2c(C1)scc2C(=O)NCCc1n[nH]c(=O)[nH]1,0,90,
MolPort-042-576-825,COCCn1cnnc1C(C)NC(=O)c1cccc(c1)c1cccc(N)n1,0,90,
MolPort-003-068-823,COc1ccc2n(CC(=O)Nc3cccc(C)c3)cc(c(=O)c2c1)S(=O)(=O)c1ccc(F)cc1,0,90,
MolPort-003-070-991,COc1ccc2n(CC(=O)Nc3ccc(C)cc3)cc(c(=O)c2c1)S(=O)(=O)c1ccc(C)c(C)c1,0,90,
MolPort-007-653-533,COc1ccc2n(CC(=O)Nc3ccc(C)cc3)cc(c(=O)c2c1)S(=O)(=O)c1ccccc1,0,90,
MolPort-009-708-533,COc1ccccc1c1noc(CSc2nc(cc(=O)[nH]2)c2ccccc2)n1,0,90,
MolPort-042-694-512,Oc1cc(nc(SCc2nc(no2)c2cccs2)n1)c1ccccc1,0,90,
MolPort-010-976-339,Oc1cc(nc(SCc2nc(no2)c2ccc(Cl)cc2)n1)c1ccncc1,0,90,
MolPort-045-931-546,CC(NC(=O)c1cc(C)nc2cc(F)ccc12)c1nnc(CC(=O)O)[nH]1,0,90,
MolPort-000-601-439,CCc1ccc(NC(=O)CSc2nc(cc(=O)[nH]2)c2ccccc2)cc1,0,90,
MolPort-003-156-559,FC(F)(F)c1ccc(NC(=O)CSc2nc(cc(=O)[nH]2)c2ccccc2)cc1,0,90,
MolPort-002-017-399,O=C(CSc1nc(cc(=O)[nH]1)c1ccccc1)Nc1ccc2ccccc2c1,0,90,
MolPort-003-027-771,FC(F)(F)c1cc(Nc2nnc(Cc3ccc(Cl)cc3)c(=O)[nH]2)ccc1Cl,0,90,
MolPort-004-875-057,COc1ccc(Cc2nnc(Nc3cc(Cl)ccc3C)[nH]c2=O)cc1,0,90,
MolPort-003-155-917,COc1ccc(Cc2nnc(Nc3cc(C)ccc3C)[nH]c2=O)cc1,0,90,
MolPort-047-737-216,Cc1ccc2[nH]c(CCCNC(=O)[C@H]3CC[C@@H](O)[C@H](N)C3)nc2c1C,0,90,
MolPort-010-714-830,COc1cccc(CN2CCc3nc(SCC(=O)Nc4ccc(F)cc4F)[nH]c(=O)c3C2)c1,0,90,
MolPort-019-915-475,Fc1ccc(CN2CCc3nc(SCC(=O)NCc4ccc(F)cc4F)[nH]c(=O)c3C2)cc1,0,90,
MolPort-003-069-978,O=C(CSc1nc2CCN(Cc3ccccc3)Cc2c(=O)[nH]1)Nc1ccccc1,0,90,
MolPort-005-149-992,Fc1ccc(CN2CCCC2C(=O)Nc2cccc(c2)n2cnnn2)c(F)c1,0,90,
MolPort-002-275-026,Cc1nc(NC(=O)c2ccccc2)sc1c1csc(Nc2ccc(C(=O)O)c(O)c2)n1,0,90,
MolPort-039-021-768,O=C(Nc1cccc(c1)c1nnc2CCCCn12)c1nccc2ccccc12,0,90,
MolPort-000-863-386,Nc1nonc1C(=O)NCCNCc1ccc(OCc2ccc(Cl)cc2Cl)cc1,0,90,
