﻿lot_id,received_smiles,stoichiometry,purity,alt_name,,
CACHE_1421_1,c1cc2c(cc1Nc1c3c(ncn1)[nH]cn3)OC(N2)=O,0,90,,,
CACHE_1421_2,CC1CCC(CN1C(c1c(C)c2C(CCCc2[nH]1)=O)=O)C(O)=O,0,90,,,
CACHE_1421_3,C1CC2(CCC1O)CC2CNC(/C=C/c1ccc(c(c1)O)O)=O,0,90,,,
CACHE_1421_4,CC(C)c1nc(CCNC(/C=C/c2cc(C)cc(C)c2)=O)n[nH]1,0,90,,,
CACHE_1421_5,C(C(Cc1c[nH]cn1)Nc1c2c(ncn1)[nH]cn2)c1ccccc1,0,90,,,
CACHE_1421_6,CC1(CCCN(C1)C(NCc1cccc(c1)n1ccnc1)=O)C(O)=O,0,90,,,
CACHE_1421_7,C(C(c1c(cccc1F)F)O)NC(c1ccc2C(NNc2c1)=O)=O,0,90,,,
CACHE_1421_8,CC1(CCCN(C1)C(c1ccc(cc1)N1C(CCC1=O)=O)=O)C(O)=O,0,90,,,
CACHE_1421_9,C(C(N1CCOc2ccccc12)=O)NC(c1ccc2C(NNc2c1)=O)=O,0,90,,,
CACHE_1421_10,C1C(CN(CC1c1ccccc1)C(Cc1c2ccccc2[nH]n1)=O)C(O)=O,0,90,,,
CACHE_1421_11,Cc1ccc(cc1N1C(CNC1=O)=O)NC(N1CCC[C@@H](C1)C(O)=O)=O,0,90,,,
CACHE_1421_12,CS(Cc1cccc(CNC(c2ccc3C(NNc3c2)=O)=O)c1)(=O)=O,0,90,,,
CACHE_1421_13,C1C(CN(CC1O)C(c1cc2ccc(cc2[nH]1)c1ccccc1)=O)C([O-])=O,0,90,,,
CACHE_1421_14,C1CCS(N(C1)c1cccc(c1)NC(C1c2c[nH]nc2CN1)=O)(=O)=O,0,90,,,
CACHE_1421_15,Cc1cccc(CN2C=CC=C(C(N3CC(CC(C3)O)C([O-])=O)=O)C2=O)c1,0,90,,,
CACHE_1421_17,COC1CC(CN(C1)C(c1ccc(CN2C(CCC2=O)=O)cc1)=O)C(O)=O,0,90,,,
CACHE_1421_18,Cc1ccc(cc1)C(Nc1cccc(CNc2nc(c3c(nc[nH]3)n2)O)c1)=O,0,90,,,
CACHE_1421_19,C1CC2C(CC1CN2C(c1cc(c2ccc3c(c2)OCO3)[nH]n1)=O)C(O)=O,0,90,,,
CACHE_1421_21,C1CN(CCC1CC(N)=O)c1nc(c2c(n1)[nH]cn2)NCc1ccccc1,0,90,,,
CACHE_1421_22,CC(CO)N1C(CC(C1=O)Nc1ccc(c(c1)N1CCCS1(=O)=O)F)=O,0,90,,,
CACHE_1421_23,C1CN(c2cccc(c2)C(NCCc2nc3ccccc3[nH]2)=O)S(C1)(=O)=O,0,90,,,
CACHE_1421_24,CC(C(Nc1c2c(ncn1)[nH]cn2)=O)OC(Cc1ccc2CC(Nc2c1)=O)=O,0,90,,,
CACHE_1421_25,Cc1cc(ccc1C(NCCN1C(CNC1=O)=O)=O)N1CCCS1(=O)=O,0,90,,,
CACHE_1421_26,C1CN(CCC1C1C(Nc2ccccc12)=O)C(c1ccc2C(NNc2c1)=O)=O,0,90,,,
CACHE_1421_27,C1CC(CN(C1)C(c1ccc(cc1)NC(Cc1cccnc1)=O)=O)(C(O)=O)F,0,90,,,
CACHE_1421_28,COC([C@H](Cc1ccc(cc1)F)NC(c1cc(ccc1F)c1cc[nH]n1)=O)=O,0,90,,,
CACHE_1421_29,Cc1nc(c2ccnc(c2)NC(c2cc(c3ccc(cc3F)F)no2)=O)n[nH]1,0,90,,,
CACHE_1421_31,C[C@H](c1ccccn1)ONC(C=Cc1ccc(cc1)N1CCCS1(=O)=O)=O,0,90,,,
CACHE_1421_32,C/C(=C\C(NCc1nnc(C2CCOCC2)[nH]1)=O)c1cccc(c1)C(F)(F)F,0,90,,,
CACHE_1421_33,C1CC(c2c(C1)n[nH]c2C(Nc1ccc(c(c1)F)N1CCCS1(=O)=O)=O)=O,0,90,,,
CACHE_1421_34,C1CN(c2ccc(c(c2)NC(NC2(CC2)c2ncccn2)=O)F)S(C1)(=O)=O,0,90,,,
CACHE_1421_35,COc1cccc(c1)[C@H](CO)NC(c1c(cn(c2ccc(cc2F)F)n1)O)=O,0,90,,,
CACHE_1421_36,C(C(C1NC(NN=1)=O)NC(c1cc2CC(Nc2cc1[Cl])=O)=O)c1ccccc1,0,90,,,
CACHE_1421_37,Cc1ccc(cc1C)S(=O)(=O)Oc1cccc(c1)Oc1ccnc(c1)C(N)=O,0,90,,,
CACHE_1421_38,C1CN(c2ccc(c(c2)NC(c2ccc(c3ccccn3)o2)=O)O)S(C1)(=O)=O,0,90,,,
CACHE_1421_39,C1CCS(N(C1)c1cccc(c1)NC(CCc1nc2ccncc2[nH]1)=O)(=O)=O,0,90,,,
CACHE_1421_40,C(CNc1c2c(nc(n1)F)[nH]cn2)C1NC(C=CN=1)=O,0,90,,,
CACHE_1421_41,CC(c1nc[nH]n1)Nc1c2c(ncn1)[nH]c(C(F)F)n2,0,90,,,
CACHE_1421_42,CCc1cc(CNc2c3c(ncn2)[nH]c(C(F)F)n3)[nH]n1,0,90,,,
CACHE_1421_44,Cc1cc(cnc1c1cn(CC(N2CCC[C@H](C2)C(O)=O)=O)nn1)F,0,90,,,
CACHE_1421_45,C/C(=C\C(N[C@H]1C[C@@H]1NC(Cn1nccn1)=O)=O)c1cccc(c1)F,0,90,,,
CACHE_1421_47,CC(C(Nc1c[nH]nc1c1ccccc1)=O)c1cccc(c1)c1nn[nH]n1,0,90,,,
CACHE_1421_48,C(CC(N1CCC(CC1)(CNC(C(N)=O)=O)O)=O)/C=C/c1ccccc1,0,90,,,
CACHE_1421_49,C(C(Nc1cccc(c1)NC(c1cccc2cn[nH]c12)=O)=O)c1ccn[nH]1,0,90,,,
CACHE_1421_51,Cc1nc(C(NC[C@@H]2CCCN2C(c2ccnc3c2cccn3)=O)=O)n[nH]1,0,90,,,
CACHE_1421_52,CC(C(C)NC(c1ccn(c2ccc(C)cc2)n1)=O)NC(c1cn[nH]c1)=O,0,90,,,
CACHE_1421_53,C(C(c1ccoc1)O)NC(c1cccc(c1)Nc1c2ccccc2ncn1)=O,0,90,,,
CACHE_1421_54,Cc1cc(C(NC2CN(CC=C2)C(c2cc(cnc2)c2cc[nH]n2)=O)=O)[nH]n1,0,90,,,
CACHE_1421_55,Cc1ccc(cc1)C(CNC(c1cc(ccn1)O)=O)NC(c1ncccn1)=O,0,90,,,
CACHE_1421_56,Cc1ccnnc1C(NCc1ccccc1CNC(c1ccc(cn1)O)=O)=O,0,90,,,
CACHE_1421_57,CC(N[C@@H]1c2ccccc2C[C@H]1NC(c1cc(Cc2ccccc2)n[nH]1)=O)=O,0,90,,,
CACHE_1421_59,C1C[C@H]([C@@H](C1)NC(c1cccc2cnccc12)=O)NC(C1=CC(NN=C1)=O)=O,0,90,,,
CACHE_1421_60,C#Cc1cn[nH]c1C(N[C@H]1CCC[C@H]1NC(Cc1c[nH]c2cccnc12)=O)=O,0,90,,,
CACHE_1421_61,CC(c1cn(c2cccc(CNC(c3cccc4ccccc34)=O)c2)nn1)O,0,90,,,
CACHE_1421_62,Cn1ccnc1CC(Nc1cccc(c1)NC(c1cc2cn[nH]c2nc1)=O)=O,0,90,,,
CACHE_1421_63,C[C@H](C(NC[C@@H]1CCCCN1C(c1cc(cnc1)O)=O)=O)c1ccc(cc1)F,0,90,,,
CACHE_1421_64,C[C@H](c1ccc(nc1)O)NC(c1c2CCCc2n(c2cccc(c2F)F)n1)=O,0,90,,,
CACHE_1421_65,CC(/C=C/c1ccccc1)C(N1C[C@H](C[C@H]1CO)NC([C@H]1CCC(N1)=O)=O)=O,0,90,,,
CACHE_1421_66,Cc1cc(C(NC2CCCC2CNC(C2=C3CCCC3=CNC2=O)=O)=O)[nH]c1,0,90,,,
CACHE_1421_67,CC(C(NCC1CCCN1C(C1C=CC(NN=1)=O)=O)=O)c1cccc(c1)OC,0,90,,,
CACHE_1421_69,CCc1c[nH]nc1C(N[C@H]1CCCN(C1)C(Cc1cnc2ncccn12)=O)=O,0,90,,,
CACHE_1421_70,CC(C)(C(Nc1cccc(c1)NC(c1ccc(nc1)OC)=O)=O)c1cc[nH]n1,0,90,,,
CACHE_1421_71,C/C(=C\C(NC1CCN(C1)C(c1ccc(C(N)=O)[nH]1)=O)=O)c1cccc(c1)F,0,90,,,
CACHE_1421_73,Cc1c(C(Nc2cccc(c2)NC(C(c2ccncc2)(F)F)=O)=O)n[nH]c1C,0,90,,,
CACHE_1421_74,C([C@H](c1ccccc1)NC(c1ccccn1)=O)NC(c1cc(c(cn1)F)N)=O,0,90,,,
CACHE_1421_75,CCCCc1cn(c2ccccc2C(N2CCc3c(C2)c(CO)n[nH]3)=O)nn1,0,90,,,
CACHE_1421_76,CC(C)(c1cn(c2ccccc2F)nn1)NC(c1cc2c(cc1F)nn[nH]2)=O,0,90,,,
CACHE_1421_77,Cc1c(con1)C(NCC1C=CCN1C(c1ccnc(c1)NC1CCC1)=O)=O,0,90,,,
CACHE_1421_78,C1CC2CN(CC1N2C(c1cc(C2CC2)[nH]n1)=O)C(c1cc(ccc1F)O)=O,0,90,,,
CACHE_1421_79,Cc1nc(CC(N[C@H]2CCCCN(C2)C(c2cc3cncnc3[nH]2)=O)=O)c[nH]1,0,90,,,
CACHE_1421_80,C1CC(C(Nc2cccc(c2)NC(CC2(CCCC2)O)=O)=O)c2cn[nH]c2C1,0,90,,,
CACHE_1421_81,C1CC2(CC2)CC1C(NC(CNC(C1C=CNC(C=1)=O)=O)c1ccccc1)=O,0,90,,,
CACHE_1421_82,Cc1cc(cc(c1)N)C(N1CCCC1CNC(C1(CCC1)c1ccno1)=O)=O,0,90,,,
CACHE_1421_83,Cc1c[nH]nc1C(NC(C)(C)CNC(c1c[nH]nc1c1ccccc1F)=O)=O,0,90,,,
CACHE_1421_84,CC1(C)C[C@@H](CNC(c2ccc3nccn3n2)=O)N(C1)C([C@H]1CC(NC1)=O)=O,0,90,,,
CACHE_1421_85,Cc1cccnc1C(NC1(CN(C1)C(c1c2cc(ccc2[nH]n1)F)=O)CO)=O,0,90,,,
CACHE_1421_87,C1CC2(CCC1N2C(c1cnco1)=O)CNC(c1cccc(C#CCO)c1)=O,0,90,,,
CACHE_1421_89,C1[C@@H](C[C@H]1NC(c1ccc2c(cccn2)n1)=O)NC([C@@H]1CSCC(N1)=O)=O,0,90,,,
CACHE_1421_90,C/C(=C\C(N1CC2(CCC1C2)NC(C1CCC(N1)=O)=O)=O)c1ccc(cc1)F,0,90,,,
