﻿lot_id,received_smiles,stoichiometry,purity,alt_name
MolPort-009-114-459,Cn1c2ccc(cc2n(C)c1=O)S(=O)(=O)Nc1ccc(Cn2ccccc2=O)cc1,0,90,UNC10245439A
MolPort-002-586-843,COc1cccc(OCCCn2cc(C=C3C(=O)NC(=O)N(Cc4ccco4)C3=O)c3ccccc23)c1,0,90,UNC10245380A
MolPort-007-910-955,Cc1cc(NC(=O)CSc2nc3ccccc3c(=O)n2CC2CCC(CC2)C(=O)NCc2ccccc2Cl)n[nH]1,0,90,UNC10245433A
MolPort-006-520-860,COc1cccc(c1)C(=O)N(CC(=O)Nc1ccc(cc1)N1CCN(CC1)C(=O)c1ccc(C)cc1)Cc1ccc(F)cc1,0,90,UNC10245410A
MolPort-006-633-177,CCOC(=O)c1cc(-c2ccc(cc2)N2CCN(CC2)C(=O)COc2ccccc2)n(n1)-c1ccccc1OC,0,90,UNC10245416A
MolPort-005-775-846,Cc1ccc(C)c(c1)S(=O)(=O)N1CCN(CC1)C(=O)CSc1nnc(-c2ccc3OCOc3c2)n1-c1ccccc1,0,90,UNC10245404A
MolPort-006-520-955,Fc1cccc(c1)C(=O)N1CCN(CC1)c1ccc(NC(=O)CN(Cc2ccccc2)C(=O)c2cccs2)cc1,0,90,UNC10245411A
MolPort-009-386-310,Cc1c(sc2ncn(C)c(=O)c12)C(=O)N1CCC(CC1)C(=O)Nc1ccc2OCOc2c1,0,90,UNC10245440A
MolPort-044-263-947,CC(=O)N(c1nc(C=CC(=O)N2CCC(CC2)n2c3ccccc3[nH]c2=O)cs1)c1ccccc1,0,90,UNC10245470A
MolPort-016-927-934,Fc1ccc(cc1)C(=O)N(CC(=O)Nc1ccc(cc1)N1CCN(CC1)C(=O)c1cccc(F)c1)Cc1ccccc1,0,90,UNC10245461A
MolPort-005-117-319,CC(N(C)C(=O)C1CCN(CC1)c1cccc2C(=O)N(Cc3cccs3)C(=O)c12)c1cc([nH]n1)-c1ccccc1,0,90,UNC10245397A
MolPort-010-870-234,CC(C)n1c2ccc(cc2sc1=O)S(=O)(=O)N1CCN(CC1)C(=O)c1ccc2OCOc2c1,0,90,UNC10245456A
MolPort-009-445-326,Fc1ccc(cc1)-n1ncc2c(SCC(=O)NC(=O)Nc3ccc4OCOc4c3)ncnc12,0,90,UNC10245445A
MolPort-044-293-929,Clc1nc2ccccn2c1C=CC(=O)N1CCC(CC1)C(=O)Nc1ccc2OCOc2c1,0,90,UNC10245471A
MolPort-003-843-639,CC(N1C(=O)COc2ccccc12)c1nnc(SCC(=O)Nc2ccc(Oc3ccccc3)cc2)n1C,0,90,UNC10245386A
MolPort-004-203-339,CC(NC(=O)CN1CCC(CC1)C(=O)Nc1ccc2OCOc2c1)c1cc2ccccc2o1,0,90,UNC10245390A
MolPort-005-852-122,Cc1noc(C)c1COc1cccc(c1)C(=O)Nc1cccc(c1)S(=O)(=O)Nc1cccc(c1)C(F)(F)F,0,90,UNC10245406A
MolPort-007-879-020,CCOc1ccccc1NC(=O)Nc1cccc(OCc2cc(=O)n3ccccc3n2)c1,0,90,UNC10245432A
MolPort-010-882-311,CC1Cc2ccccc2N1C(=O)CC1CCN(CC1)S(=O)(=O)c1ccc2n(C)c(=O)oc2c1,0,90,UNC10245457A
MolPort-028-889-462,COc1ccc(NC2=C(Sc3ccc(NC(=O)c4cccc(OC)c4)cc3)C(=O)N(C2=O)c2ccccc2)cc1 |c:7|,0,90,UNC10245468A
MolPort-006-598-861,CN(Cc1ccco1)C(=O)c1ccc(COc2ccc3CCN(C(c4cccc(F)c4)c3c2)C(=O)C2CC2)o1,0,90,UNC10245413A
MolPort-009-403-285,Cc1nc2ccc(cc2nc1C)C(=O)N1CCC(CC1)C(=O)Nc1ccc2OCOc2c1,0,90,UNC10245442A
MolPort-005-544-297,O=C(CCC(=O)c1ccc2OCCCOc2c1)N1CCC(CC1)n1c2ccccc2[nH]c1=O,0,90,UNC10245398A
MolPort-005-564-271,O=C(Nc1cccc2ncccc12)c1cccc(NS(=O)(=O)c2ccc3OCCCOc3c2)c1,0,90,UNC10245399A
MolPort-004-979-343,COC(=O)c1c(NC(=O)c2cccnc2)c2cc(NCc3ccc4OCCOc4c3)cnc2n1Cc1ccccc1,0,90,UNC10245391A
MolPort-044-348-393,COc1ccccc1OCCC1CCN(C1)C(=O)C1CCN(CC1)S(=O)(=O)c1cccc2nonc12,0,90,UNC10245474A
MolPort-002-663-175,O=C(NCc1ccc2OCOc2c1)C1CCN(CC1)S(=O)(=O)c1cccc2nsnc12,0,90,UNC10245381A
MolPort-007-596-496,COc1ccccc1N1CCN(CC1)C(=O)CCCc1nnc2n(CC(C)C)c(=O)c3sccc3n12,0,90,UNC10245420A
MolPort-006-651-643,COc1cccc(CNC(=O)C2CCN(CC2)C(=O)[C@@H](Cc2ccccc2)NC(=O)COc2ccccc2)c1,0,90,UNC10245418A
MolPort-004-042-247,COc1ccc(cc1)C(=O)OCC(=O)c1cc(C)n(c1C)-c1c(C)n(C)n(-c2ccccc2)c1=O,0,90,UNC10245387A
MolPort-005-005-562,CCOc1ccccc1N1CCN(CC1)C(=O)CCC1(Cc2ccc(F)c(OC)c2)CCC(=O)N1,0,90,UNC10245392A
MolPort-005-026-055,CCC1(NC(=O)N(Cc2ccc3OCOc3c2)C1=O)C1CCN(CC1)C(=O)Cc1ccc(F)cc1,0,90,UNC10245393A
MolPort-005-064-334,COc1ccc(cc1)-c1ccc(o1)C(=O)N1CCN(CCOc2ccc(F)cc2)C(=O)CC1,0,90,UNC10245395A
MolPort-005-097-823,COc1ccccc1CNc1nc(C)c(s1)-c1ccn(n1)-c1ccc2OCOc2c1,0,90,UNC10245396A
MolPort-005-567-152,O=C(CCn1c2ccccc2oc1=O)N1CCN(Cc2ccc3OCCc3c2)CC1,0,90,UNC10245400A
MolPort-005-700-945,COc1cc(ccc1OCC(O)CN1CCC(CC1)C(=O)c1ccc2OCCOc2c1)C(C)=O,0,90,UNC10245401A
MolPort-005-721-696,CCc1cccc(c1)N1CC(CC1=O)C(=O)N1CCN(CC1)C(=O)c1ccc2OCOc2c1,0,90,UNC10245402A
MolPort-005-831-362,Cc1cc(C(=O)COC(=O)C2c3ccccc3Oc3ccccc23)c(C)n1-c1ccc2OCOc2c1,0,90,UNC10245405A
MolPort-006-646-590,COc1ccc(OC)c(CC(=O)N2CCCN(CC2)c2c(cnc3ncnn23)-c2ccc(OC)c(OC)c2)c1,0,90,UNC10245417A
MolPort-007-320-450,O=C(C1CCN(CC1)C(=O)c1cc2c(nc3sccn23)s1)c1ccc2OCCOc2c1,0,90,UNC10245419A
MolPort-007-641-276,COc1ccc(cc1OC)-c1c(C)nn2c(NCc3ccc4OCOc4c3)cc(C)nc12,0,90,UNC10245423A
MolPort-007-644-906,Cc1nc2n(C)c(=O)n(C)c(=O)c2c(C)c1CCC(=O)N1CCN(CC1)C(=O)c1ccco1,0,90,UNC10245424A
MolPort-007-676-853,COc1ccc(CCNC(=O)C2CCCN(C2)c2ncnc3c2sc2cccc(F)c32)cc1OC,0,90,UNC10245429A
MolPort-007-935-852,COc1cccc(c1)N1CCN(CC1)C(=O)CCN1C(=O)COc2ccccc12,0,90,UNC10245435A
MolPort-009-038-470,CC(=O)c1sc(NC(=O)CCc2c(C)nc3c(cnn3c2C)C#N)nc1-c1ccccc1,0,90,UNC10245438A
MolPort-009-397-443,COc1ccc(cc1OC)-c1nc(cs1)C(=O)N1CCC(CC1)n1c2ccccc2[nH]c1=O,0,90,UNC10245441A
MolPort-009-442-304,CC(=O)c1cccc(c1)S(=O)(=O)N1CCN(CC1)C(=O)c1c[nH]nc1-c1ccc2OCCOc2c1,0,90,UNC10245444A
MolPort-010-684-032,CN1C(=O)Cc2cc(ccc12)S(=O)(=O)N1CCN(CC1)c1ccc(=O)n(n1)-c1ccc(F)cc1,0,90,UNC10245449A
MolPort-010-832-398,COc1cccc(c1)-c1noc(Cn2nc(ccc2=O)-c2ccc3OCOc3c2)n1,0,90,UNC10245453A
MolPort-010-863-315,COc1ccccc1NC(=O)C1CCN(CC1)S(=O)(=O)c1ccc2n(C)c(=O)sc2c1,0,90,UNC10245454A
MolPort-019-945-532,CCOc1cccc(CNC(=O)c2cn(cn2)-c2cc(ccn2)-c2nc(CC)no2)c1,0,90,UNC10245462A
MolPort-023-179-950,CC(OC(=O)CCc1nc2n(C)c(=O)[nH]c(=O)c2[nH]1)c1cnc2ccccc2c1,0,90,UNC10245464A
MolPort-023-211-461,COc1cccc2sc(nc12)N1CC(C1)C(=O)N1CCN(CC1)c1ccc(cc1)C(C)=O,0,90,UNC10245465A
MolPort-023-283-195,"CCCSC1=NC2(CCN(CC2)C(=O)Nc2ccccc2OC)N=C1c1ccc(OC)cc1 |c:25,t:4|",0,90,UNC10245466A
MolPort-028-757-438,Cc1cc(N2CCN(CC2)C(=O)CSCc2nc3sc4CCCc4c3c(=O)[nH]2)n2ncnc2n1,0,90,UNC10245467A
MolPort-044-323-941,Cc1ccc2OCC(=O)N(CCCC(=O)N3CCc4c(C3)c(nn4C)-c3nncn3CC3CC3)c2c1,0,90,UNC10245472A
